matrix_size,time_taken
100,.339767101
1100,3.521087920
2100,20.956088630
3100,68.804484025
4100,163.318507994
5100,326.656491732
