matrix_size,time_taken
100,.333481526
1100,4.411345251
2100,32.735808644
3100,116.121641323
4100,260.052514918
5100,512.456166758

