matrix_size,time_taken
100,.354745125
1100,3.304776656
2100,17.007997924
3100,57.109945459
4100,134.023858439
5100,260.208387888
