matrix_size,time_taken
100,.363496386
1100,3.007466699
2100,18.801225745
3100,65.416711503
4100,141.902374798
5100,284.295532802
